company,rank,revenue,profit,num. of employees,Market Cap
Walmart,1,572754,13673,2300000,352037
Amazon,2,469822,33364,1608000,1202717
Apple,3,365817,94680,154000,2443962
CVS Health,4,292111,7910,258000,125204
UnitedHealth Group,5,287597,17285,350000,500468
Exxon Mobil,6,285640,23040,63000,371841
Berkshire Hathaway,7,276094,89795,372000,625468
Alphabet,8,257637,76033,156500,1309359
McKesson,9,238228,-4539,67500,47377
AmerisourceBergen,10,213988.8,1539.9,40000,29972
Costco Wholesale,11,195929,5007,288000,230443
Cigna,12,174078,5365,72963,88459
AT&T,13,168864,20081,202600,148907
Microsoft,14,168088,61271,181000,1941033
Cardinal Health,15,162467,611,46827,15169
Chevron,16,162465,15625,42595,284132
Home Depot,17,151157,16433,490600,308152
Walgreens Boots Alliance,18,148579,2542,258500,33360
Marathon Petroleum,19,141032,9738,17700,47526
Elevance Health,20,138639,6104,98200,119923
Kroger,21,137888,1655,420000,33846
Ford Motor,22,136341,17937,183000,50609
Verizon Communications,23,133613,22065,118400,211872
JPMorgan Chase,24,127202,48334,271025,336469
General Motors,25,127004,10019,157000,50156
Centene,26,125982,1347,72500,53429
Meta Platforms,27,117929,39370,71970,475718
Comcast,28,116385,14159,189000,185069
Phillips 66,29,114852,1317,14000,41091
Valero Energy,30,108332,930,9804,44376
Dell Technologies,31,106995,5563,133000,32568
Target,32,106005,6946,450000,71112
Fannie Mae,33,101543,22176,7400,3961
United Parcel Service,34,97287,12890,400945,162355
Lowe's,35,96250,8442,270000,120655
Bank of America,36,93851,31978,208248,268697
Johnson & Johnson,37,93775,20878,141700,451785
Archer Daniels Midland,38,85249,2709,39979,41545
FedEx,39,83959,5231,484000,58577
Humana,40,83064,2933,95500,62653
Wells Fargo,41,82407,21548,247848,162606
State Farm Insurance,42,82224.7,1280.9,53586,
Pfizer,43,81288,21979,79000,288232
Citigroup,44,79865,21952,221768,100976
PepsiCo,45,79474,7618,309000,234697
Intel,46,79024,19868,121100,164460
Procter & Gamble,47,76118,14306,101000,345595
General Electric,48,74196,-6520,168000,73458
IBM,49,72344,5743,297800,107307
MetLife,50,71080,6554,43000,49443
Prudential Financial,51,70934,7724,40916,35689
Albertsons,52,69690.4,850.2,300000,14087
Walt Disney,53,67418,1995,171000,181438
Energy Transfer,54,67417,5470,12558,32182
Lockheed Martin,55,67044,6315,114000,103510
Freddie Mac,56,65898,12109,7301,2055
Goldman Sachs Group,57,64989,21635,43900,113877
Raytheon Technologies,58,64388,3864,174000,139531
HP,59,63487,6503,51000,33951
Boeing,60,62286,-4202,142000,92372
Morgan Stanley,61,61121,15034,74814,142829
HCA Healthcare,62,58752,6956,244000,52649
AbbVie,63,56197,11542,50000,264607
Dow,64,54968,6311,35700,38189
Tesla,65,53823,5519,99290,763395
Allstate,66,53228,1599,54500,33721
American International Group,67,52057,9388,36600,40988
Best Buy,68,51761,2454,81375,17106
Charter Communications,69,51682,4654,93700,89514
Sysco,70,51297.8,524.2,57710,44508
Merck,71,51216,13049,67500,218166
New York Life Insurance,72,51198.5,277.1,14344,-
Caterpillar,73,50971,6489,107700,95735
Cisco Systems,74,49818,10591,79500,182327
TJX,75,48550,3282.8,340000,73403
Publix Super Markets,76,48393.9,4412.2,232000,-
ConocoPhillips,77,48349,8079,9900,114444
Liberty Mutual Insurance Group,78,48200,3068,45000,
Progressive,79,47702,3350.9,49077,65485
Nationwide,80,47376,1617.2,24134,
Tyson Foods,81,47049,3047,137000,30189
Bristol-Myers Squibb,82,46385,6994,32200,155720
Nike,83,44538,5727,73300,171840
Deere,84,44024,5963,75550,95233
American Express,85,43663,8060,64000,111287
Abbott Laboratories,86,43075,7071,113000,192481
StoneX Group,87,42534.2,116.3,3242,1699
Plains GP Holdings,88,42078,60,4100,2131
Enterprise Products Partners,89,40806.9,4637.7,6911,55122
TIAA,90,40526.4,4060.7,15065,-
Oracle,91,40479,13746,132000,192514
Thermo Fisher Scientific,92,39211,7725,129000,202645
Coca-Cola,93,38655,9771,79000,271069
General Dynamics,94,38469,3257,103100,59618
CHS,95,38448,554,9941,
USAA,96,37469.6,3300,37335,-
Northwestern Mutual,97,36751.2,977.8,7585,-
Nucor,98,36483.9,6827.5,28800,31183
Exelon,99,36347,1706,31518,42832
Massachusetts Mutual Life Insurance,100,35899.5,319.3,10052,-
Northrop Grumman,101,35667,7005,88000,71099
3M,102,35355,5921,95000,75190
Travelers,103,34816,3662,30492,37998
Arrow Electronics,104,34477,1108.2,20700,7851
Honeywell International,105,34392,5542,99000,120646
Dollar General,106,34220.4,2399.2,163000,55694
Qualcomm,107,33566,9043,45000,126877
Capital One Financial,108,32033,12390,50767,44423
TD Synnex,109,31614.2,395.1,27000,9174
Philip Morris International,110,31405,9109,69600,141727
World Fuel Services,111,31337,73.7,4414,1427
Performance Food Group,112,30398.9,40.7,22885,7818
Delta Air Lines,113,29899,280,83000,20903
American Airlines Group,114,29882,-1993,123400,9847
Netflix,115,29697.8,5116.2,11300,89579
Paramount Global,116,29579,4543,25115,16383
US Foods Holding,117,29487,164,28000,7335
Danaher,118,29453,6433,79000,189085
Jabil,119,29285,696,238000,7554
Starbucks,120,29060.6,4199.3,383000,94677
Mondelez International,121,28720,4300,79000,85001
Eli Lilly,122,28318.4,5581.7,35238,272723.6
Hewlett Packard Enterprise,123,27784,3427,60400,21725.3
D.R. Horton,124,27774.2,4175.8,11788,24313
Molina Healthcare,125,27771,659,14000,19572.9
CBRE Group,126,27746,1836.6,105000,30414.2
Micron Technology,127,27705,5861,43000,86977.2
Broadcom,128,27450,6736,20000,257086.5
Gilead Sciences,129,27305,6225,14400,74656.5
PBF Energy,130,27253.4,231,3418,2932.6
Lennar,131,27130.7,4430.1,10753,23413
United Natural Foods,132,26992,149,28300,2409.3
NRG Energy,133,26989,2187,6635,9855
Nvidia,134,26914,9752,22473,296011
Occidental Petroleum,135,26772,2322,11678,53160.2
Salesforce,136,26492,1444,73541,210196.8
Dollar Tree,137,26321.2,1327.9,136226,36051.4
KKR,138,26141.3,4666.5,3238,51542.9
Kraft Heinz,139,26042,1012,36000,48248.6
Amgen,140,25979,5893,24200,134700.8
AutoNation,141,25844,1373,22200,6111.4
Penske Automotive Group,142,25554.7,1187.8,24797,7196.7
PayPal,143,25371,4169,30900,99538
Macy's,144,25292,1430,88857,7123.2
Duke Energy,145,24677,3908,27605,85967
United Airlines Holdings,146,24634,-1964,84100,15049.7
Visa,147,24105,12311,21500,480022.5
Rite Aid,148,24043.4,-90.9,50000,488.1
Cummins,149,24021,2131,59900,29140.9
U.S. Bancorp,150,23714,7963,68796,78929.8
Paccar,151,23522.3,1852.1,28500,29101
McDonald's,152,23222.9,7545.2,200000,183873.6
Southern,153,23113,2393,27164,76877
C.H. Robinson Worldwide,154,23102.1,844.2,16877,13855.8
Truist Financial,155,23064,6440,51462,75353.9
Applied Materials,156,23063,5888,27000,116431.4
Freeport-McMoRan,157,22845,4306,24700,72360.8
Lithia Motors,158,22831.7,1060,21150,5678
Blackstone,159,22577.1,5857.4,3795,88907.2
Hartford Financial Services Group,160,22390,2365,18100,23815.6
Aflac,161,22106,4325,12447,41812.8
Whirlpool,162,21985,1783,69000,10101.2
Union Pacific,163,21804,6523,32124,171681.6
International Paper,164,21780,1752,38200,17301.1
Altria Group,165,21111,2475,6000,94951.7
CDW,166,20820.8,988.6,13900,24140.2
ManpowerGroup,167,20724.4,382.4,30000,5025.6
PG&E,168,20642,-102,26000,29433.7
Carrier Global,169,20613,1664,58000,39127.4
Baker Hughes,170,20502,-219,54000,37410.2
Cleveland-Cliffs,171,20444,2988,26000,16891.2
United States Steel,172,20275,4174,24540,9832.3
Becton Dickinson,173,20248,2092,75000,75749.1
CarMax,174,20092.1,746.9,26889,15305
Sherwin-Williams,175,19944.6,1864.4,61626,65037.9
Builders FirstSource,176,19893.9,1725.4,28000,9205
Marsh & McLennan,177,19820,3143,83000,85681.3
PNC Financial Services Group,178,19698,5674,58547,77203.4
Lumen Technologies,179,19687,2033,36000,11533.4
Avnet,180,19534.7,193.1,14500,4016.9
Tenet Healthcare,181,19485,914,88968,9387.6
Kimberly-Clark,182,19440,1814,45000,41496.1
Kohl's,183,19433,938,67000,7774.6
BlackRock,184,19374,5901,18400,116186.2
Jones Lang LaSalle,185,19367,961.6,98200,11945.5
Lear,186,19263.1,373.9,160100,8513.1
Lincoln National,187,19230,1405,10848,11271.6
Charles Schwab,188,18996,5855,33400,159675.9
Ross Stores,189,18916.2,1722.6,100000,31741.7
Mastercard,190,18884,8687,24000,349330.5
Genuine Parts,191,18870.5,898.8,52000,17888.1
WestRock,192,18746.1,838.3,49900,12379
EOG Resources,193,18642,4664,2800,69796
Cognizant Technology Solutions,194,18507,2137,330600,47035
Moderna,195,18471,12202,2700,69424.3
Steel Dynamics,196,18408.9,3214.1,10640,15811.5
HF Sinclair,197,18389.1,558.3,4208,8895.8
Texas Instruments,198,18344,7769,31000,169329.6
Emerson Electric,199,18236,2303,86700,58241.7
WESCO International,200,18217.5,465.4,18000,6598.5
General Mills,201,18127,2339.8,35000,40781.8
Tenneco,202,18035,35,71000,1523
Waste Management,203,17931,1816,48500,65802.8
Viatris,204,17886.3,-1269.1,37000,13160.2
DISH Network,205,17881.1,2410.6,14500,16743.1
L3Harris Technologies,206,17814,1846,47000,47969.6
DXC Technology,207,17729,-149,134000,7977.3
Block,208,17661.2,166.3,8521,78655.9
Goodyear Tire & Rubber,209,17478,764,72000,4029.3
Uber Technologies,210,17455,-496,29300,69753
Colgate-Palmolive,211,17421,2166,33800,63742.2
Stanley Black & Decker,212,17252.7,1689.2,71300,22843.3
DuPont,213,17160,6467,28000,37739.7
Stryker,214,17108,1994,46000,100978.1
NextEra Energy,215,17069,3573,15000,166264.1
Targa Resources,216,16949.8,71.2,2430,17243.8
Western Digital,217,16922,821,65600,15536.4
PPG Industries,218,16802,1439,49300,30951.9
American Electric Power,219,16792,2488.1,16688,50338.6
Gap,220,16670,256,97000,5206.6
BJ&#8217;s Wholesale Club,221,16667.3,426.7,34000,9146.9
Reinsurance Group of America,222,16658,617,3500,7354.6
Kinder Morgan,223,16610,1784,10529,42878.1
Oneok,224,16540.3,1499.7,2847,31516
Expeditors Intl. of Washington,225,16523.5,1415.5,19070,15051
Advanced Micro Devices,226,16434,3162,15500,93566
Fiserv,227,16226,1334,44000,66132.8
Est√©e Lauder,228,16215,2870,53320,97672.1
Bank of New York Mellon,229,16158,3759,49100,40056.7
Laboratory Corp. of America,230,16120.9,2377.3,71725,24625.8
Regeneron Pharmaceuticals,231,16071.7,8075.3,10368,80226
Land O'Lakes,232,15916.4,287.4,9000,
Cheniere Energy,233,15864,-2343,1550,35272.3
Southwest Airlines,234,15790,977,55093,27129.3
Adobe,235,15785,4822,25988,215280.5
Synchrony Financial,236,15752,4221,18000,18145.5
Corteva,237,15655,1759,21000,41774.9
Fidelity National Financial,238,15643,2422,28290,10569
DTE Energy,239,15369,907,10300,25614.6
Murphy USA,240,15318.8,396.9,10430,4888.6
Halliburton,241,15295,1457,40000,34028.9
Automatic Data Processing,242,15005.4,2598.5,56000,95577.1
Edison International,243,14905,759,13003,26693.8
BorgWarner,244,14838,537,49300,9335
Nordstrom,245,14789,178,72000,4321.3
Loews,246,14657,1578,10340,15971.3
Guardian Life Ins. Co. of America,247,14647.8,288.8,9150,
Pioneer Natural Resources,248,14643,2118,1932,60728.3
AutoZone,249,14629.6,2170.3,85050,40582.6
Lam Research,250,14626.2,3908.5,14100,74996.7
American Family Insurance Group,251,14611.9,734.5,13590,
Illinois Tool Works,252,14455,2694,45000,65311.9
Parker-Hannifin,253,14347.6,1746.1,54640,36456.8
Otis Worldwide,254,14298,1246,70000,32700.9
Omnicom Group,255,14289.4,1407.8,71700,17565.7
Principal Financial,256,14262.7,1710.6,18600,19176.7
Dominion Energy,257,14218,3288,17100,68883
Kellogg,258,14181,1488,31000,21890.2
Fluor,259,14156.8,-440.2,40582,4051.7
AECOM,260,14112.4,173.2,51000,10856.5
Reliance Steel & Aluminum,261,14093.3,1413,13950,11313.5
Jacobs Engineering Group,262,14092.6,477,53500,17807.4
Corning,263,14082,1906,61200,31212.8
Farmers Insurance Exchange,264,14055,-366.8,11787,
Qurate Retail,265,14044,340,26745,1807.4
Pacific Life,266,13936,1102,3861,
PulteGroup,267,13926.9,1946.3,6182,10115.7
Fidelity National Information Services,268,13877,417,65000,61215.1
IQVIA Holdings,269,13874,966,79000,44140.8
Marriott International,270,13857,1099,120000,57514.9
Berry Global Group,271,13850,733,47000,7832.4
Ball,272,13811,878,24300,28909.1
Group 1 Automotive,273,13801.7,552.1,13711,2859.9
Leidos Holdings,274,13737,753,43000,14727.7
Wayfair,275,13708,-131,16681,11641.6
Consolidated Edison,276,13676,1346,13871,33525.3
Ameriprise Financial,277,13443,2760,12000,33213
Xcel Energy,278,13431,1597,11321,39275.9
O'Reilly Automotive,279,13327.6,2164.7,76158,45410.4
Global Partners,280,13248.3,60.8,2960,927.1
Discover Financial Services,281,13221,5449,16700,31076.7
Rocket Companies,282,13175.6,308.2,26000,21905.9
LKQ,283,13088.5,1090.9,46000,12941.4
W.W. Grainger,284,13022,1043,23450,26358
Quanta Services,285,12980.2,486,43700,18779.5
Crown Holdings,286,12979,-560,26000,15460.6
Fox,287,12909,2150,9000,21423.2
Sempra,288,12857,1317,15390,53087.6
Markel,289,12846.4,2425,20300,20037.5
Carvana,290,12814,-135,21000,19549.5
XPO Logistics,291,12806,336,44700,8356.9
Baxter International,292,12784,1284,60000,39017.9
Ecolab,293,12733.1,1129.9,47000,50548.4
Tractor Supply,294,12731.1,997.1,34000,26171.6
Andersons,295,12728.8,104,2334,1151
Keurig Dr Pepper,296,12683,2146,27500,53748.2
Universal Health Services,297,12642.1,991.6,78850,10843.1
CSX,298,12522,3781,20919,81587.8
Henry Schein,299,12401,631.2,21600,8952
Sonic Automotive,300,12396.4,348.9,10200,1728.8
eBay,301,12394,13608,10800,33641.9
Textron,302,12382,746,33000,16090.6
Jones Financial (Edward Jones),303,12373,1605,50000,-
Community Health Systems,304,12368,230,58500,1598.6
Mosaic,305,12357.4,1630.6,12525,24492.6
Thor Industries,306,12317.4,659.9,31000,4273
Dick's Sporting Goods,307,12293.4,1519.9,34300,7986.6
Newmont,308,12222,1166,14400,62968.1
Devon Energy,309,12206,2813,1600,39274.1
Warner Bros. Discovery,310,12191,1006,11000,12700.5
J.B. Hunt Transport Services,311,12168.3,760.8,33045,21052.9
Alcoa,312,12152,429,12200,16603.4
Peter Kiewit Sons',313,12149,753,28800,
Aramark,314,12096,-90.8,248300,9655.5
Vistra,315,12077,-1274,5060,10434.7
State Street,316,12030,2693,38784,31891.8
Unum Group,317,12013.8,824.2,10200,6382.8
Alleghany,318,12004.1,1034.9,13313,11396.1
Boston Scientific,319,11888,1041,41000,63310.2
Westlake,320,11778,2015,14550,15785.4
Entergy,321,11742.9,1118.5,12369,23760.4
International Flavors & Fragrances,322,11656,270,24000,33455.6
DaVita,323,11618.8,978.5,69000,10892.5
Mutual of Omaha Insurance,324,11459.3,579,5739,
Assurant,325,11410,1372.4,15600,10493.1
Liberty Media,326,11400,398,6886,15239.1
Hormel Foods,327,11386.2,908.8,20000,28089.2
Icahn Enterprises,328,11328,-518,19536,15237.1
Republic Services,329,11295,1290.4,35000,41841.7
Mohawk Industries,330,11200.6,1033.2,43000,8081.8
Conagra Brands,331,11184.7,1298.8,18600,16103.5
Norfolk Southern,332,11142,3005,18100,68389.3
AES,333,11141,-409,8450,17172.1
AGCO,334,11138.3,897,23300,10885.3
Caesars Entertainment,335,11110,-1019,49000,16564.6
Equitable Holdings,336,11036,-439,10000,12041.2
Advance Auto Parts,337,10998,616.1,54500,12644.8
Biogen,338,10981.7,1556.1,9610,30950.4
Auto-Owners Insurance,339,10980.2,1318.4,6441,
Booking Holdings,340,10958,1165,20199,96022.7
Amphenol,341,10876.3,1590.8,90000,45130.1
Quest Diagnostics,342,10788,1995,44500,16348.6
FirstEnergy,343,10758,1283,12395,26181.6
DCP Midstream,344,10707,391,1788,6993.2
Ally Financial,345,10690,3060,10500,14411.6
Delek US Holdings,346,10648.2,-203.5,3312,1500.2
Williams,347,10627,1517,4783,40670.4
Newell Brands,348,10589,572,32000,8902.4
Eastman Chemical,349,10476,857,14000,14450.1
Air Products & Chemicals,350,10323,2099.1,20750,55409.4
Thrivent Financial for Lutherans,351,10312.7,2530.2,3256,
Molson Coors Beverage,352,10279.7,1005.7,16300,11631.8
Interpublic Group,353,10240.7,952.8,55600,13965.9
Weyerhaeuser,354,10201,2607,9214,28315
Altice USA,355,10090.8,990.3,9000,5674.1
Raymond James Financial,356,9910,1403,15000,22817.5
EMCOR Group,357,9903.6,383.5,34000,5931.8
Eversource Energy,358,9863.1,1220.5,9227,30403.2
Yum China Holdings,359,9853,990,298500,17679
Asbury Automotive Group,360,9837.7,532.4,14200,3714.8
Owens & Minor,361,9785.3,221.6,17300,3375.6
Public Service Enterprise Group,362,9722,-648,12684,35145.5
United Rentals,363,9716,1386,20400,25643.3
MGM Resorts International,364,9680.1,1254.4,60500,18257.9
Ryder System,365,9663,519,42800,4055.4
Intuit,366,9633,2062,17350,135987.6
Cincinnati Financial,367,9629.7,2945.6,5166,21813.3
Erie Insurance Group,368,9619.7,1130.1,5805,
Univar Solutions,369,9535.5,460.6,9450,5459.8
Huntington Ingalls Industries,370,9524,544,44000,7991
W.R. Berkley,371,9455.5,1022.5,7681,17658.8
Western & Southern Financial Group,372,9441.7,361.2,2538,
Insight Enterprises,373,9436.1,219.3,11624,3745.1
News Corp.,374,9358,330,24000,13127.7
American Tower,375,9356.9,2567.7,6378,114527.4
Old Republic International,376,9341.6,1534.3,9600,7972.8
Burlington Stores,377,9322.3,408.8,38599,12112.8
Avis Budget Group,378,9313,1285,18500,14157
ODP,379,9267,-208,26000,2222.2
VF Corp.,380,9238.8,407.9,33600,11620
Bed Bath & Beyond,381,9233,-150.8,37600,2170.5
Seaboard,382,9229,570,13200,4881.6
First American Financial,383,9221,1241,22233,7087.2
Intercontinental Exchange,384,9168,4058,8858,74044.8
PVH,385,9154.7,952.3,25000,5210
Apollo Global Management,386,9124,1838.5,2153,37194
Jefferies Financial Group,387,9039.9,1674.4,5556,7248
Hershey,388,8971.3,1477.5,17805,44461.5
NVR,389,8970.1,1236.7,6600,15010.5
Foot Locker,390,8958,893,33244,2850
Dana,391,8945,197,40200,2544.4
SpartanNash,392,8931,73.8,13300,1185.1
Olin,393,8910.6,1296.7,7750,8062
Chewy,394,8890.8,-73.8,21300,17147.3
Jackson Financial,395,8848,3183,3150,3895.1
Activision Blizzard,396,8803,2699,9800,62559.7
Toll Brothers,397,8790.4,833.6,5100,5515.4
Carlyle Group,398,8782.1,2974.7,1850,9539
Graybar Electric,399,8767.3,262.4,8800,-
Ovintiv,400,8658,1416,1713,13987.5
UFP Industries,401,8636.1,535.6,15000,4471
Ulta Beauty,402,8630.9,985.8,28500,20837.8
Constellation Brands,403,8614.9,1998,9300,43763.5
Expedia Group,404,8598,12,14800,30476.5
CommScope Holding,405,8586.7,-462.6,30000,1629.7
Celanese,406,8537,1890,8529,15434.1
Global Payments,407,8523.8,965.5,25000,38545.6
Owens Corning,408,8498,995,20000,9064.7
Campbell Soup,409,8476,1002,14100,13446.9
Huntsman,410,8453,1045,9000,8046.9
Franklin Resources,411,8425.5,1831.2,10300,14019.3
Avery Dennison,412,8408.3,740.1,36000,14327.4
Masco,413,8375,410,20000,12062.7
CenterPoint Energy,414,8352,1486,9418,19285.8
Fifth Third Bancorp,415,8329,2770,19112,29511.3
WEC Energy Group,416,8316,1300.3,6938,31483.5
S&P Global,417,8297,3024,22850,142343.5
FM Global,418,8274.6,2842.4,5560,
Polaris,419,8252,493.9,16000,6264.1
Williams-Sonoma,420,8245.9,1126.3,16600,10376
Autoliv,421,8230,435,58176,6691.1
Arthur J. Gallagher,422,8209.4,906.8,39000,36598.6
Motorola Solutions,423,8171,1245,18700,40555.9
Zillow Group,424,8147.4,-527.8,8005,12287.1
Opendoor Technologies,425,8021,-662,2816,5364.1
J.M. Smucker,426,8002.7,876.3,7100,14686.4
Anywhere Real Estate,427,7983,343,9748,1852.1
Oshkosh,428,7952.5,409.4,15000,6703.7
MasTec,429,7951.8,328.8,27000,6657
GXO Logistics,430,7940,153,97500,8193
APA,431,7928,973,2253,14332.3
Boise Cascade,432,7926.1,712.5,6130,2405
Dover,433,7907.1,1123.8,25000,22610.3
Genworth Financial,434,7882,904,2500,1917.9
Bath & Body Works,435,7881.5,1333.5,32850,11419.9
Booz Allen Hamilton Holding,436,7858.9,609,27700,11705.4
Coinbase Global,437,7839.4,3624.1,3730,41670.4
Zimmer Biomet Holdings,438,7836.2,401.6,19500,26772.3
Westinghouse Air Brake Technologies,439,7822,558,25000,17819.4
Zoetis,440,7776,2037,12100,69420
Packaging Corp. of America,441,7730.3,841.1,15200,14628.1
LPL Financial Holdings,442,7720.8,459.9,5919,14608.8
T. Rowe Price,443,7671.9,3082.9,7529,34442.6
Fortune Brands Home & Security,444,7656.1,772.4,28056,9830.7
Casey's General Stores,445,7654.2,312.9,27583,7354.4
A-Mark Precious Metals,446,7613,159.6,347,890.5
Hess,447,7583,559,1545,33155.2
Vertex Pharmaceuticals,448,7574.4,2342.1,3900,66436.9
KeyCorp,449,7561,2625,16974,20592.5
Chipotle,450,7547.1,653,97660,41724
CMS Energy,451,7538,1353,8813,20292.2
Arconic,452,7504,-397,13900,2690.7
Taylor Morrison Home,453,7501.3,663,3000,3301.6
American Financial Group,454,7462,1995,6600,12367.8
UGI,455,7447,1467,11300,7599.1
Science Applications International,456,7394,277,25090,5166.1
Avantor,457,7386.1,572.6,13500,20629.1
Hanesbrands,458,7347.8,77.2,58000,5191.4
Clorox,459,7341,710,9000,17108.7
KBR,460,7339,18,28000,7634.9
TravelCenters of America,461,7336.8,58.5,16540,637.5
Hertz Global Holdings,462,7336,366,23000,9508.9
Analog Devices,463,7318.3,1390.4,24700,86441.2
Securian Financial Group,464,7317.4,311.5,6941,
Darden Restaurants,465,7196.1,629.3,156883,16980.9
NCR,466,7156,97,38000,5474.7
Graphic Packaging Holding,466,7156,204,25000,6154.4
Brighthouse Financial,468,7142,-108,1500,3958.7
PPL,469,7127,-1480,5607,21001.9
Cintas,470,7116.3,1111,40000,43566.7
Xerox Holdings,471,7038,-455,23300,3123.3
Rockwell Automation,472,6997.4,1358.1,24500,32538.4
Citizens Financial Group,473,6986,2319,17463,19135.7
KLA,474,6918.7,2078.3,11425,55170.9
Camping World Holdings,475,6913.8,278.5,12834,2664.6
Ingredion,476,6894,117,12000,5814.2
Veritiv,477,6850.5,144.6,6100,2008
Beacon Roofing Supply,478,6820.4,243,6676,4175.9
Diamondback Energy,479,6797,2182,870,24320
Victoria's Secret,480,6784.6,646.4,24000,4330.4
Academy Sports and Outdoors,481,6773.1,671.4,16508,3433.5
Sanmina,482,6756.6,269,33500,2569
ON Semiconductor,483,6739.8,1009.6,31650,27078.7
Commercial Metals,484,6729.8,412.9,11089,5056.7
EnLink Midstream,485,6685.9,22.4,1073,4670.6
Southwestern Energy,486,6667,-25,938,7989.7
Equinix,487,6635.5,500.2,10944,67280.5
Dillard&#8217;s,488,6624.3,862.5,25350,4928.2
Regions Financial,489,6605,2521,19626,20860.9
Yum Brands,490,6584,1575,25650,34252.9
Landstar System,491,6540.4,381.5,1399,5600
CF Industries Holdings,492,6538.3,917.1,3003,21551.3
Northern Trust,493,6488.3,1545.3,21100,24215.1
Robert Half International,494,6461.4,598.6,14600,12638.1
Compass,495,6421,-494.1,4775,3358.8
Hasbro,496,6420.4,428.7,6640,11383.6
Roper Technologies,497,6415.8,1152.6,19300,49868.8
ARKO,498,6412.6,59.2,11236,1133.9
Frontier Communications,499,6411,,15640,6763.1
Ameren,500,6394,990,9116,24198.7
O-I Glass,501,6357,149,24000,2058
Chemours,502,6345,608,6400,5015
Crown Castle International,503,6340,1096,5000,79937.3
Agilent Technologies,504,6319,1210,17000,39714
McCormick,505,6317.9,755.3,14000,19156
Skechers U.S.A.,506,6310.2,741.5,8950,6360.4
Watsco,507,6280.2,418.9,6875,11842.6
Live Nation Entertainment,508,6268.4,-650.9,16200,26425
Lululemon athletica,509,6256.6,975.3,29000,46717.8
ABM Industries,510,6228.6,126.3,124000,3078.7
Post Holdings,511,6226.7,166.7,10735,4284.4
Moody's,512,6218,2214,13460,62548.1
Select Medical Holdings,513,6204.5,402.2,43200,3208.6
Alaska Air Group,514,6176,478,21691,7314.3
Big Lots,515,6150.6,177.8,23350,988.1
Amkor Technology,516,6138.3,643,30400,5313
Sinclair Broadcast Group,517,6134,-414,11500,2008.1
RPM International,518,6106.3,502.6,15490,10560.8
M&T Bank,519,6105.8,1858.7,17342,21875
Sprouts Farmers Market,520,6099.9,244.2,31000,3546.8
Huntington Bancshares,521,6080,1295,18442,21123.4
CACI International,522,6044.1,457.4,22000,7051.2
JetBlue Airways,523,6037,-182,17459,4786.9
SVB Financial Group,524,6027,1833,6567,32901
Fastenal,525,6010.9,925,18370,34187.9
GameStop,526,6010.7,-381.3,22500,12716.6
Knight-Swift Transportation Holdings,527,5998,743.4,27650,8386
Airbnb,528,5991.8,-352,6132,110419.9
Patterson,529,5912.1,156,7800,3160
PENN Entertainment,530,5905,420.8,21973,7140.2
ServiceNow,531,5896,230,16881,70419
Nasdaq,532,5886,1187,5814,29298.2
Brunswick,533,5846.2,593.3,18582,6197.3
Resideo Technologies,534,5846,242,13300,3455.8
Chesapeake Energy,535,5809,,1300,11135.9
Petco Health and Wellness,536,5807.1,164.4,28495,5930.2
Kemper,537,5793,-120.5,10300,3606
Hilton Worldwide Holdings,538,5788,410,142000,42356.6
Cerner,539,5764.8,555.6,25150,27492.2
Levi Strauss,540,5763.9,553.5,16600,5740
Tapestry,541,5746.3,834.2,14250,9807.2
NetApp,542,5744,730,11000,18470.5
KB Home,543,5724.9,564.7,2244,2858.1
Continental Resources,544,5719.3,1661,1254,22342.4
Intuitive Surgical,545,5710.1,1704.6,9793,108361.9
Under Armour,546,5683.5,360.1,12300,7712.4
MDU Resources Group,547,5680.7,378.1,12826,5419.3
Silgan Holdings,548,5677.1,359.1,15720,5104.3
Ryerson Holding,549,5675.3,294.3,4000,1344.6
Ingersoll Rand,550,5655.2,562.5,16000,20541.2
Hologic,551,5632.3,1871.5,6705,16063
Electronic Arts,552,5629,837,11000,35577.4
Zebra Technologies,553,5627,837,9800,21959.1
Coty,554,5616.2,-201.3,11430,7540.6
Schneider National,555,5608.7,405.4,17050,4551.6
Sonoco Products,556,5590.4,-85.5,20500,6099.1
Concentrix,557,5587,405.6,290000,8605.2
Evergy,558,5586.7,879.7,4930,15512.7
Cornerstone Building Brands,559,5583.1,665.9,21700,3088.7
Coca-Cola Consolidated,560,5562.7,189.6,15050,4657.3
Greif,561,5556.1,390.7,16000,3134
Vulcan Materials,562,5552.2,670.8,11912,24412.7
Ametek,563,5546.5,990.1,18500,30787.3
Monster Beverage,564,5541.4,1377.5,3775,42295.8
Sealed Air,565,5533.8,506.8,16500,9920.7
NOV,566,5524,-250,27043,7700.2
Las Vegas Sands,567,5505,-961,44600,29696.4
Martin Marietta Materials,568,5493.2,702.5,10000,24015.1
Marathon Oil,569,5467,946,1531,18349.5
Mattel,570,5457.7,903,36300,7823.3
Microchip Technology,571,5438.4,349.4,19500,41777.1
Harley-Davidson,572,5336.3,650,5800,6062.9
Telephone & Data Systems,573,5329,156,8800,2163.4
ADT,574,5307.1,-340.8,25000,6843
First Republic Bank,575,5305,1478,6295,29113.6
Warner Music Group,576,5301,304,5900,19485.7
Pool,577,5295.6,650.6,5650,12608
Old Dominion Freight Line,578,5256.3,1034.4,23663,34307.5
Fortive,579,5254.7,608.4,18000,21877.9
MDC Holdings,580,5254.7,573.7,2080,2692.7
NGL Energy Partners,581,5243.2,-639.8,997,288.6
Edwards Lifesciences,582,5232.5,1503.1,15700,73141.4
Hanover Insurance Group,583,5227.8,418.7,4400,5317.9
Syneos Health,584,5213,234.8,27443,8436.7
Xylem,585,5195,427,16700,15354.7
Church & Dwight,586,5190.1,827.5,5100,24119.1
American Axle & Manufacturing,587,5156.6,5.9,18000,888.3
Meritage Homes,588,5141.3,737.4,1773,2907.3
Workday,589,5138.8,29.4,15200,60583.4
Rush Enterprises,590,5126.1,241.4,7141,2788.5
Yellow,591,5121.8,-109.1,32000,360.3
Encompass Health,592,5121.6,412.2,35681,7071.1
Simon Property Group,593,5116.8,2249.6,2850,43197.8
Globe Life,594,5112.9,745,3222,9977.3
Skyworks Solutions,595,5109.1,1498.3,10945,21547.5
Endeavor Group Holdings,596,5077.7,-296.6,7700,20363.1
Twitter,597,5077.5,-221.4,7500,30976.8
Leggett & Platt,598,5072.6,402.4,20300,4659
Western Union,599,5070.8,805.8,10500,7374.7
PerkinElmer,600,5067.2,943.2,16700,15984
SS&C Technologies Holdings,601,5051,800,24900,19235.1
CUNA Mutual Group,602,5049.5,622.3,4100,
FMC,603,5045.2,736.5,6400,16563.8
Carlisle,604,5030,421.7,11250,12804.5
American Eagle Outfitters,605,5010.8,419.6,24000,2836.6
Core & Main,606,5004,166,4100,5948.8
Vertiv Holdings,607,4998.1,119.6,24000,5263.9
Broadridge Financial Solutions,608,4993.7,547.5,13704,18182.7
Ingles Markets,609,4987.9,249.7,18460,1691.4
TPG,610,4976.4,2180.9,1013,9304.9
Insperity,611,4973.1,124.1,3600,3849.8
Howmet Aerospace,612,4972,258,19900,15055.4
R.R. Donnelley & Sons,613,4963.7,3.7,32000,289.9
Keysight Technologies,614,4941,894,14300,28746.6
Tempur Sealy International,615,4930.8,624.5,12000,4506
Scotts Miracle-Gro,616,4925,512.5,8050,6834.6
Equifax,617,4923.9,744.2,12700,29141.8
Kelly Services,618,4909.7,156.1,7400,856
NiSource,619,4899.6,584.9,7307,12891.2
OneMain Holdings,620,4895,1314,8800,6042.8
DoorDash,621,4888,-468,8600,40830.3
Avient,622,4818.8,230.8,8700,4388.4
Sanderson Farms,623,4799.7,455.1,17662,4185.4
TransDigm Group,624,4798,680,13300,36135.8
Stifel Financial,625,4783.1,824.9,8600,7226
JELD-WEN Holding,626,4771.7,168.8,24700,1826
Ares Management,627,4770.6,408.8,2100,18940
Elanco Animal Health,628,4765,-472,9800,12345.4
Prologis,629,4759.4,2939.7,2053,119524.5
Welltower,630,4742.1,336.1,464,43001.5
Darling Ingredients,631,4741.4,650.9,9900,12987.4
Juniper Networks,632,4735.4,252.7,10191,11986.6
Gartner,633,4734,793.6,16600,24477.2
Par Pacific Holdings,634,4710.1,-81.3,1336,783.3
Hubbell,635,4703.5,399.5,18300,9959.6
CME Group,636,4689.7,2636.4,3480,85492.3
Nexstar Media Group,637,4648.4,834.6,11817,6883
Tutor Perini,638,4641.8,91.9,7800,551.8
Antero Resources,639,4619.4,-186.9,519,9608
Teledyne Technologies,640,4614.3,445.3,14500,22102.9
Snap-on,641,4601.7,820.5,12800,10976.1
Rent-A-Center,642,4583.5,134.9,14290,1486.9
Covetrus,643,4575,-54,4873,2319.3
Crestwood Equity Partners,644,4569,-78.5,645,2931.5
Louisiana-Pacific,645,4553,1377,4800,4071
Urban Outfitters,646,4548.8,310.6,16330,2421.4
Penn Mutual Life Insurance,647,4545.6,522.9,3194,
Amerco,648,4542,610.9,22052,11704.7
TriNet Group,649,4540,338,2800,6482.5
Sentry Insurance Group,650,4526.2,739.9,4064,
Illumina,651,4526,762,10775,54855.8
Iron Mountain,652,4491.5,450.2,25000,16059.5
LCI Industries,653,4472.7,287.7,13900,2624.5
Marvell Technology,654,4462.4,-421,6712,60795.7
PennyMac Financial Services,655,4450.2,1003.5,7208,2368
Digital Realty Trust,656,4427.9,1709.3,3030,40337.7
TreeHouse Foods,657,4405.5,-12.5,10000,1800
Ralph Lauren,658,4400.8,-121.1,16200,8073.2
Mattress Firm Group,659,4392.9,-165.1,8900,
American National Group,660,4391.8,699.3,4545,5084.1
Autodesk,661,4386.4,497,12600,46580
Domino's Pizza,662,4357.4,510.5,10450,14665.9
ASGN,663,4333.8,409.9,3900,6022.2
Flowers Foods,664,4330.8,206.2,8900,5438.6
BlueLinx Holdings,665,4277.2,296.1,2045,699.5
Palo Alto Networks,666,4256.1,-498.9,10473,61307.5
Maximus,667,4254.5,291.2,35800,4641.1
Dentsply Sirona,668,4251,421,15000,10708
Hub Group,669,4232.4,171.5,4700,2678.5
Bread Financial Holdings,670,4230,801,6000,2804.6
Voya Financial,670,4230,2126,5970,7042.2
Weis Markets,672,4224.4,108.8,24000,1921.1
Century Communities,673,4216.3,498.5,1600,1388
Synopsys,674,4204.2,757.5,16361,51023.2
Brink's,675,4200.2,105.2,73350,3234.4
Lennox International,676,4194.1,464,11000,9447.2
Service Corp. International,677,4143.1,802.9,20840,10581.3
Conduent,678,4140,-28,60000,1111.6
Timken,679,4132.9,369.1,18029,4539.6
Domtar,680,4132,-27,6100,1856.2
Bloomin' Brands,681,4122.4,215.6,82000,1966.6
CNO Financial Group,682,4122.2,441,3350,2945.7
Snap,683,4117,-488,5661,58458.4
Zoom Video Communications,684,4099.9,1375.6,6787,22826
Patrick Industries,685,4078.1,224.9,11000,1408.2
Paychex,686,4056.8,1097.5,15000,49268
Atlas Air Worldwide Holdings,687,4030.8,493.3,4056,2523.4
Bright Health Group,688,4029.4,-1184.9,3203,1213.5
Peloton Interactive,689,4021.8,-189,8662,8760.9
Country Financial,690,4016.2,419.2,3149,
Qorvo,691,4015.3,733.6,8750,13456.4
Catalent,692,3998,585,17300,13377
Mercury General,693,3993.4,247.9,4300,3045.4
AMN Healthcare Services,694,3984.2,327.4,3800,4867
Tri Pointe Homes,695,3982.2,469.3,1390,2160.1
ArcBest,696,3980.1,213.5,14000,1979.7
Toro,697,3959.6,409.9,10982,8936.9
Spirit AeroSystems Holdings,698,3953,-540.8,16100,5130.6
Align Technology,699,3952.6,772,22540,34354.8
loanDepot,700,3943.2,113.5,11307,1290.3
APi Group,701,3940,47,13300,4891.1
American Water Works,702,3930,1263,6400,30085.5
Matson,703,3925.3,927.4,4259,2740
Diebold Nixdorf,704,3905.2,-78.8,22000,531.2
Marriott Vacations Worldwide,705,3890,49,20300,6620
Terex,706,3886.8,220.9,8600,2485.5
Sally Beauty Holdings,707,3875,239.9,29000,1720.5
Enovis,708,3854.3,71.7,16200,6419.3
IAC,709,3845.1,597.5,13200,9001.4
Meritor,710,3833,199,9600,2519.4
Ventas,711,3828,49,434,24676.2
GoDaddy,712,3815.7,242.3,6611,14018.7
Regal Rexnord,713,3810.3,209.9,30000,10002.1
Puget Energy,714,3805.7,260.8,3185,
Clean Harbors,715,3805.6,203.2,18300,6073.8
Pinnacle West Capital,716,3803.8,618.7,5872,8820
eXp World Holdings,717,3771.2,81.2,1669,3149.3
Mueller Industries,718,3769.3,468.5,5337,3100.4
Wynn Resorts,719,3763.7,-755.8,26950,9243.3
RH,720,3758.8,688.5,6100,7079
EPAM Systems,721,3758.1,481.7,58824,16870.7
M/I Homes,722,3745.9,396.9,1657,1262.2
Generac Holdings,723,3737.2,550.5,9248,9189
Mettler-Toledo International,724,3717.9,769,16700,31220.3
Abercrombie & Fitch,725,3712.8,263,19250,1619.5
Teradyne,726,3702.9,1014.6,5900,11211
American Equity Investment Life Holding,727,3689.5,474,850,3869.2
Southwest Gas Holdings,728,3680.5,200.8,12720,5233.6
Pitney Bowes,729,3673.6,-1.4,11500,900.1
Lamb Weston Holdings,730,3670.9,317.8,7800,8699.1
Alliant Energy,731,3669,659,3313,15670.6
Resolute Forest Products,732,3664,307,6900,991.7
Parsons,733,3660.8,64.1,15500,4012
Trimble,734,3659.1,492.7,11931,18122.7
OGE Energy,735,3653.7,737.3,2185,8164.2
Garrett Motion,736,3633,,7600,463.9
Winnebago Industries,737,3629.8,281.9,6532,1826
Ciena,738,3620.7,500.2,7205,9223.4
PriceSmart,739,3619.9,98,10400,2434.1
Advantage Solutions,740,3602.3,54.5,45000,2029.6
H&R Block,741,3588.6,683.9,38000,4284.6
iHeartMedia,742,3558.3,-159.2,9990,2728.1
Super Micro Computer,743,3557.4,111.9,4155,1963
Flowserve,744,3541.1,125.9,16000,4681.4
Charles River Laboratories International,745,3540.2,391,19300,14425.4
A.O. Smith,746,3538.9,487.1,13700,10032.2
Rithm Capital,747,3533.1,772.2,12296,5125
Medical Mutual of Ohio,748,3514.8,78.3,2834,
Granite Construction,749,3501.9,10.1,2600,1504.7
Valmont Industries,750,3501.6,195.6,11041,5083.4
Sprague Resources,751,3498.2,-68.9,757,433.7
Primoris Services,752,3497.6,115.6,10810,1269.8
Cboe Global Markets,753,3494.8,529,1196,12148.2
Carter's,754,3486.4,339.7,15900,3763.4
TopBuild,755,3486.2,324,13006,5987.1
SiteOne Landscape Supply,756,3475.7,238.4,5475,7255.5
Texas Roadhouse,757,3463.9,245.3,73300,5787.8
Akamai Technologies,758,3461.2,651.6,8700,19210
Brown-Forman,759,3461,903,4700,31376.6
Acuity Brands,759,3461,306.3,13000,6628.9
Navient,761,3454,717,5263,2592.3
Coterra Energy,762,3449,1158,936,21872.1
Option Care Health,763,3438.6,139.9,6334,5139
Floor & Decor Holdings,764,3433.5,283.2,9276,7490
Public Storage,765,3415.8,1953.3,5800,68438.2
Cabot,766,3409,250,4500,3871.1
Crane Holdings,767,3408,435.4,11000,6158.9
Atmos Energy,768,3407.5,665.6,4684,16182.8
Selective Insurance Group,769,3379.2,403.8,2440,5391.5
Take-Two Interactive Software,770,3372.8,588.9,6495,17744.1
Boyd Gaming,771,3369.8,463.8,15114,7234
Plexus,772,3368.9,138.9,19200,2298.6
ScanSource,773,3364.2,10.8,2200,890.8
Franchise Group,774,3362.7,363.8,11895,1669.6
NLV Financial,775,3350.8,392.1,1157,
CrossAmerica Partners,776,3350.5,21.7,2218,826.5
Mr. Cooper Group,777,3344,1454,8200,3369.4
Fortinet,778,3342.2,606.8,10195,39789
Brinker International,779,3337.8,131.6,59491,1701.9
Albemarle,780,3328,123.7,6000,25899.4
Peabody Energy,781,3318.3,360.1,4900,3391.5
Light & Wonder,782,3310,371,5600,5679.7
Evercore,783,3307.1,740.1,1940,4275.1
Stewart Information Services,784,3305.8,323.2,7300,1181
Central Garden & Pet,785,3303.7,151.7,6750,2286.5
GMS,786,3298.8,105.6,5843,2142.1
H.B. Fuller,787,3278,161.4,6500,3505.2
Middleby,788,3250.8,488.5,10624,8961.1
Renewable Energy Group,789,3244.1,213.8,1196,3056.2
MSC Industrial Direct,790,3243.2,216.9,6472,4758.3
Vishay Intertechnology,791,3240.5,298,22800,2840.1
Applied Industrial Technologies,792,3235.9,144.8,5947,3947.9
Lincoln Electric Holdings,793,3234.2,276.5,11000,8079.1
First Horizon,794,3234,999,7676,12542.9
Spirit Airlines,795,3230.8,-472.6,9823,2375.4
AptarGroup,796,3227.2,244.1,13000,7702.9
Citrix Systems,797,3217.2,307.5,9700,12704.6
IDEXX Laboratories,798,3215.4,744.8,10350,46089.3
Tetra Tech,799,3213.5,232.8,21000,8906.7
Lyft,800,3208.3,-1009.4,4453,13384.6
Gannett,801,3208.1,-135,16300,643.9
ResMed,802,3196.8,474.5,7970,35463.3
Designer Brands,803,3196.6,154.5,13500,991.4
Graham Holdings,804,3186,352.1,15048,3000.6
Vroom,805,3184.3,-370.9,1807,364.7
Worthington Industries,806,3171.4,723.8,9000,2537.8
Calumet Specialty Products Partners,807,3148,-260.1,1450,1070.8
Xilinx,808,3147.6,646.5,4890,30450.5
TransUnion,809,3145,1387.1,10200,19882.6
Travel + Leisure,810,3134,308,16800,4966.2
Topgolf Callaway Brands,811,3133.4,322,24800,4337.1
Dycom Industries,812,3130.5,48.6,15024,2821
Columbia Sportswear,813,3126.4,354.1,8325,5840.4
Coherent,814,3105.9,297.6,22961,7708.2
Change Healthcare,815,3090.4,-112.2,15000,6799.3
Grocery Outlet Holding,816,3079.6,62.3,875,3148
AMC Networks,817,3077.6,250.6,1883,1721.7
Hyster-Yale Materials Handling,818,3075.7,-173,8100,561.2
ChampionX,819,3075,113.3,7000,4976.7
Comfort Systems USA,820,3073.6,143.3,13200,3200.5
EQT,821,3064.7,-1155.8,693,12955.4
Brown & Brown,822,3051.4,587.1,12023,20395.7
LGI Homes,823,3050.1,429.6,952,1884
Hyatt Hotels,824,3028,-222,44000,10498.3
Comerica,825,3024,1168,7442,11854.4
Energizer Holdings,826,3021.5,160.9,6000,2191.7
Hill-Rom Holdings,827,3018.7,248.5,10000,7331.7
Rackspace Technology,828,3009.5,-218.3,6600,2365.6
Verisk Analytics,829,2998.6,666.2,9367,34616.2
Spectrum Brands Holdings,830,2998.1,189.6,12100,3617.6
Euronet Worldwide,831,2995.4,70.7,8800,6658.2
TEGNA,832,2991.1,477,6200,4962.6
Vontier,833,2990.7,413,8500,4087.8
Cadence Design Systems,834,2988.2,696,9298,45781.7
Incyte,835,2986.3,948.6,2094,17577.6
Match Group,836,2983.3,277.7,2520,31007
Valvoline,837,2981,420,9800,5660.5
EnerSys,838,2977.9,143.4,11400,3076
Avaya Holdings,839,2973,-13,8063,1076
UWM Holdings,840,2970.3,98.4,8000,7223.5
Zions Bancorp.,841,2970,1129,9685,9958.2
Quad/Graphics,842,2960.4,37.8,15100,388.5
MKS Instruments,843,2949.6,551.4,6200,8327.6
Arista Networks,844,2948,840.9,2993,42773.4
Interactive Brokers Group,845,2938,308,2571,27961.7
Range Resources,846,2930.2,411.8,527,7964
Atkore,847,2928,587.9,3700,4415.6
Cheesecake Factory,848,2927.5,72.4,45800,2098.6
First Solar,849,2923.4,468.7,4800,8904.4
Bio-Rad Laboratories,850,2922.5,4245.9,7900,16982.2
Cooper Cos.,851,2922.5,2944.7,12000,20587.8
Envista Holdings,852,2922.4,340.5,11200,7882.5
Alight,853,2915,-60,16000,5542.2
Newmark Group,854,2906.4,750.7,6169,3009.9
PC Connection,855,2892.6,69.9,2542,1375.8
Host Hotels & Resorts,856,2890,-11,160,13875.9
Boston Properties,857,2888.6,505.2,743,20179.9
Western Midstream Partners,858,2877.2,916.3,1127,10177.4
Magellan Midstream Partners,859,2870.1,982,1715,10422.1
Hillenbrand,860,2864.8,249.9,10500,3216.2
Donaldson,861,2853.9,286.9,13100,6416.4
Moog,862,2852,157.2,14000,2814.6
Hawaiian Electric Industries,863,2850.4,246.2,3623,4630
Five Below,864,2848.4,278.8,13150,8825
Twilio,865,2841.8,-949.9,7867,29916.9
Univision Communciations,866,2841,133.7,,
Annaly Capital Management,867,2836.2,2389.9,171,10281
Fleetcor Technologies,868,2833.7,839.5,9700,19398.4
West Pharmaceutical Services,869,2831.6,661.8,10065,30508.2
Green Plains,870,2827.2,-66,859,1662.5
Cracker Barrel Old Country Store,871,2821.4,254.5,70000,2757.6
Virtu Financial,872,2811.5,476.9,973,3674
Teleflex,873,2809.6,485.4,14000,16642.1
Zynga,874,2800.5,-104.2,2952,10463.5
ATI,875,2799.8,-38.2,6300,3350.8
AppLovin,876,2793.1,35.4,1594,20696.8
Waters,877,2785.9,692.8,7800,18783.4
Mutual of America Life Insurance,878,2784.8,50.7,1146,
Hovnanian Enterprises,879,2782.9,607.8,1784,371.9
Amica Mutual Insurance,880,2777.9,117.1,3510,
Caleres,881,2777.6,137,7200,727.5
FTI Consulting,882,2776.2,235,6780,5400.1
Overstock.com,883,2773.8,389.4,1350,1897.8
Visteon,884,2773,41,10000,3056.1
G-III Apparel Group,885,2766.5,200.6,3250,1296.1
ITT,886,2765,316.3,9900,6415.4
IDEX,887,2764.8,449.4,7536,14591.6
Popular,888,2764.8,934.9,8351,6252.3
Roku,889,2764.6,242.4,3000,16949.3
Schnitzer Steel Industries,890,2758.6,165.1,3167,1445.2
Brookdale Senior Living,891,2758.3,-99.3,28545,1308.3
Werner Enterprises,892,2734.4,259.1,13525,2697.9
Americold Realty Trust,893,2714.8,-30.5,16275,7489.8
SkyWest,894,2713.5,111.9,15205,1457.6
Primerica,895,2709.7,373.4,3170,5326.8
McAfee,896,2701,849,2262,9764.5
Nu Skin Enterprises,897,2695.7,147.3,19600,2385.6
Copart,898,2692.5,936.5,8600,29798.8
PROG Holdings,899,2677.9,243.6,2023,1586.9
Splunk,900,2673.7,-1339.1,7000,23881.6
MRC Global,901,2666,-14,2600,995.2
Stericycle,902,2646.9,-27.8,15465,5415.5
Maxim Integrated Products,903,2632.5,827.3,7100,24490.9
Ensign Group,904,2627.5,194.7,25900,4958.3
SM Energy,905,2622.9,36.2,506,4746.5
Kaiser Aluminum,906,2622,-18.5,3957,1493.9
Federated Mutual Insurance,907,2612.2,320.1,2702,
F5,908,2603.4,331.2,6429,12691.2
Steelcase,909,2596.2,26.1,11400,1339.5
Encore Wire,910,2592.7,541.4,1440,2405
Guess,911,2591.6,171.4,12500,1305.5
Playtika Holding,912,2583,308.5,4000,7965.8
Pinterest,913,2578,316.4,3225,16196.9
WeWork,914,2570.1,-4439,4400,4937.4
ManTech International,915,2554,137,9800,3517.6
BrightView Holdings,916,2553.6,46.3,20150,1351.5
NortonLifeLock,917,2552,554,2800,15441.9
Deckers Outdoor,918,2545.6,382.6,3400,7457.8
Griffon,919,2541.7,79.2,6700,1127.8
AMC Entertainment Holdings,920,2527.9,-1269.1,17122,12733.4
Curtiss-Wright,921,2505.9,267.2,7800,5771
MYR Group,922,2498.3,85,7600,1594.5
Kontoor Brands,923,2475.9,195.4,14000,2325.3
Liberty Energy,924,2470.8,-179.2,3601,2757.9
Knights of Columbus,925,2467.5,130.3,749,
AdaptHealth,926,2465.1,156.2,10700,2146.6
MillerKnoll,927,2465.1,173.1,7600,2617.7
Equity Residential,928,2464,1332.9,2400,33802.5
DexCom,929,2448.5,154.7,6650,39152
Rollins,930,2424.3,350.7,16482,17260.7
Genesco,931,2422.1,114.9,11700,868.7
Bruker,932,2417.9,277.1,7765,9694.7
Joann,933,2417.6,56.7,13530,463.2
Wolverine World Wide,934,2414.9,68.6,4400,1836.1
Gray Television,935,2413,90,8801,2093.2
Affiliated Managers Group,936,2412.4,565.7,4050,5606.8
Summit Materials,937,2409.7,152.2,5500,3687.8
SLM,938,2409.3,1160.5,1450,5129.7
Belden,939,2408.1,63.9,7400,2492.5
Allison Transmission Holdings,940,2402,442,3400,3810.6
Element Solutions,941,2399.8,203.3,5300,5434.8
Portland General Electric,942,2396,244,2839,4940
REV Group,943,2380.8,44.4,6800,843.4
Acadia Healthcare,944,2376.9,190.6,19200,5891.3
Alexandria Real Estate Equities,945,2373.6,571.2,559,32188.6
Nordson,946,2362.2,454.4,6813,13157.1
NewMarket,947,2356.1,190.9,2104,3346.7
Ohio National Mutual,948,2346.5,-85.2,1082,
Stepan,949,2346,137.8,2439,2215.6
Valhi,950,2335.4,127.2,2847,828.8
Hilton Grand Vacations,951,2335,176,13000,6247.9
Cooper-Standard Holdings,952,2330.2,-322.8,21300,149
Etsy,953,2329.1,493.5,2402,12423
Crocs,954,2313.4,725.7,5770,4811
Olympic Steel,955,2312.3,121.1,1642,427.8
Signature Bank,956,2311.3,918.4,1854,18416.9
SBA Communications,957,2308.8,237.6,1596,37168.7
Murphy Oil,958,2300.1,-73.7,696,6275.3
Entegris,959,2298.9,409.1,6850,17830.9
AvalonBay Communities,960,2294.9,1004.3,2883,34710.3
Saia,961,2288.7,253.2,11600,6438.4
E.W. Scripps,962,2283.5,122.7,5600,1154
TTEC Holdings,963,2273.1,141,65000,3878
Sun Communities,964,2272.6,380.2,5455,20372.8
Alpha Metallurgical Resources,965,2258.6,288.8,3500,2447.5
GEO Group,966,2256.6,77.4,15800,809.8
Viasat,967,2256.1,3.7,5800,3630.4
Benchmark Electronics,968,2255.3,35.8,10900,881.4
Kar Auction Services,969,2251.6,66.5,8928,2187.3
TTM Technologies,970,2248.7,54.4,16100,1506.2
Kirby,971,2246.7,-247,5125,4345.9
Woodward,972,2245.8,208.6,7200,7882.4
Clear Channel Outdoor Holdings,973,2241.1,-433.8,4600,1630.9
Spire,974,2235.5,271.7,3710,3713.6
Vista Outdoor,975,2225.5,266,5900,2007.9
Surgery Partners,976,2225.1,-70.9,9600,4919.1
LHC Group,977,2219.6,115.7,23000,5229.6
Amedisys,978,2214.1,209.1,21000,5603.9
Century Aluminum,979,2212.5,-167.1,2512,2400.3
Arch Resources,980,2208,337.6,3303,2126.2
Aerojet Rocketdyne Holdings,981,2188,143.7,5000,3169.4
Sleep Number,982,2184.9,153.7,5388,1123.7
HNI,983,2184.4,59.8,8000,1568.7
Pure Storage,984,2180.8,-143.3,4200,10238
TrueBlue,985,2173.6,61.6,6400,995.6
Party City Holdco,986,2171.1,-6.5,11450,402.6
Dun & Bradstreet Holdings,987,2165.6,-71.7,6296,7554
Dropbox,988,2157.9,335.8,2667,8873.5
New Jersey Resources,989,2156.6,117.9,1251,4405.4
Acushnet Holdings,990,2147.9,178.9,6500,2914
Harsco,991,2147,-3.2,12000,969.7
Beazer Homes USA,992,2140.3,122,1052,478.8
Chemed,993,2139.3,268.6,14137,7592.5
Genesis Energy,994,2125.5,-165.1,1898,1435.4
BWX Technologies,995,2124.1,305.9,6600,4925.6
Vizio Holding,996,2124,-39.4,800,1705.1
1-800-Flowers.com,997,2122.2,118.7,4800,830
Cowen,998,2112.8,295.6,1534,1078
Ashland,999,2111,220,4100,5601.9
DocuSign,1000,2107.2,-70,7461,21302.8
